Type,Nom,Note,Avis,Telephone,Mobile,Instagram,Email,Adresse,URL Personnalisee,Message SMS
Coiffeur,GM coiffure by Pauline,5,332,04 93 85 70 07,Non,@gmcoiffurebypauline,Non,16 Rue Pastorelli 06000 Nice,https://indhack.com/diagnostic/coiffeur?nom=GM%20coiffure%20by%20Pauline&ville=Nice&note=5&avis=332,"Bonjour ! Je suis Indiana, consultante digitale. J'ai vu GM coiffure by Pauline (5 etoiles, 332 avis) - excellent travail ! J'ai prepare une analyse gratuite sur votre visibilite Google : https://indhack.com/diagnostic/coiffeur?nom=GM%20coiffure%20by%20Pauline&ville=Nice&note=5&avis=332"
Coiffeur,Studio7 et Salon les Empereurs,4.8,216,09 80 64 24 07,Non,@salonlesempereurs,Non,8 Rue Spitalieri 06000 Nice,https://indhack.com/diagnostic/coiffeur?nom=Studio7%20et%20Salon%20les%20Empereurs&ville=Nice&note=4.8&avis=216,"Bonjour ! Je suis Indiana, consultante digitale. J'ai vu Studio7 et Salon les Empereurs (4.8 etoiles, 216 avis) - excellent travail ! J'ai prepare une analyse gratuite sur votre visibilite Google : https://indhack.com/diagnostic/coiffeur?nom=Studio7%20et%20Salon%20les%20Empereurs&ville=Nice&note=4.8&avis=216"
Coiffeur,KRISTEL HAIR CONCEPT,4.9,210,Non,06 59 43 08 22,@kristelhairconcept,Non,3 Rue du Dr Albert Balestre 06000 Nice,https://indhack.com/diagnostic/coiffeur?nom=KRISTEL%20HAIR%20CONCEPT%20-%20Coiffure%20%26%20Onglerie&ville=Nice&note=4.9&avis=210,"Bonjour ! Je suis Indiana, consultante digitale. J'ai vu KRISTEL HAIR CONCEPT (4.9 etoiles, 210 avis) - excellent travail ! J'ai prepare une analyse gratuite sur votre visibilite Google : https://indhack.com/diagnostic/coiffeur?nom=KRISTEL%20HAIR%20CONCEPT%20-%20Coiffure%20%26%20Onglerie&ville=Nice&note=4.9&avis=210"
Coiffeur,Station coiffure Nice republique,4.7,166,09 81 11 19 00,Non,@station.coiffure,Non,19 Av. de la Republique 06300 Nice,https://indhack.com/diagnostic/coiffeur?nom=Station%20coiffure%20Nice%20r%C3%A9publique&ville=Nice&note=4.7&avis=166,"Bonjour ! Je suis Indiana, consultante digitale. J'ai vu Station coiffure Nice republique (4.7 etoiles, 166 avis) - excellent travail ! J'ai prepare une analyse gratuite sur votre visibilite Google : https://indhack.com/diagnostic/coiffeur?nom=Station%20coiffure%20Nice%20r%C3%A9publique&ville=Nice&note=4.7&avis=166"
Coiffeur,By Lucie Mendes Coiffeur,4.6,155,04 93 85 02 23,Non,Non,Non,22 Rue de l'Hotel des Postes 06000 Nice,https://indhack.com/diagnostic/coiffeur?nom=By%20Lucie%20Mendes%20Coiffeur&ville=Nice&note=4.6&avis=155,"Bonjour ! Je suis Indiana, consultante digitale. J'ai vu By Lucie Mendes Coiffeur (4.6 etoiles, 155 avis) - excellent travail ! J'ai prepare une analyse gratuite sur votre visibilite Google : https://indhack.com/diagnostic/coiffeur?nom=By%20Lucie%20Mendes%20Coiffeur&ville=Nice&note=4.6&avis=155"
Coiffeur,Le Salon,4.9,138,04 93 87 74 52,Non,Non,Non,2 Pl. Grimaldi 06000 Nice,https://indhack.com/diagnostic/coiffeur?nom=Le%20Salon&ville=Nice&note=4.9&avis=138,"Bonjour ! Je suis Indiana, consultante digitale. J'ai vu Le Salon (4.9 etoiles, 138 avis) - excellent travail ! J'ai prepare une analyse gratuite sur votre visibilite Google : https://indhack.com/diagnostic/coiffeur?nom=Le%20Salon&ville=Nice&note=4.9&avis=138"
Coiffeur,JOKER BEAUTY,4.9,116,04 93 04 42 14,Non,@joker.beauty,Non,12 Rue Maccarani 06000 Nice,https://indhack.com/diagnostic/coiffeur?nom=JOKER%20BEAUTY&ville=Nice&note=4.9&avis=116,"Bonjour ! Je suis Indiana, consultante digitale. J'ai vu JOKER BEAUTY (4.9 etoiles, 116 avis) - excellent travail ! J'ai prepare une analyse gratuite sur votre visibilite Google : https://indhack.com/diagnostic/coiffeur?nom=JOKER%20BEAUTY&ville=Nice&note=4.9&avis=116"
Coiffeur,Paganini Coiffure,4.9,115,Non,06 20 29 78 80,Non,Non,27 Rue Paganini 06000 Nice,https://indhack.com/diagnostic/coiffeur?nom=Paganini%20Coiffure&ville=Nice&note=4.9&avis=115,"Bonjour ! Je suis Indiana, consultante digitale. J'ai vu Paganini Coiffure (4.9 etoiles, 115 avis) - excellent travail ! J'ai prepare une analyse gratuite sur votre visibilite Google : https://indhack.com/diagnostic/coiffeur?nom=Paganini%20Coiffure&ville=Nice&note=4.9&avis=115"
Coiffeur,KS Beauty Hair,5,80,Non,06 21 67 01 29,@k.s_beauty_hair,Non,1 Rue Melchior de Vogue 06000 Nice,https://indhack.com/diagnostic/coiffeur?nom=KS%20Beauty%20Hair%20-%20Salon%20de%20coiffure%20Nice.Ombre%20hair%2CLissages&ville=Nice&note=5&avis=80,"Bonjour ! Je suis Indiana, consultante digitale. J'ai vu KS Beauty Hair (5 etoiles, 80 avis) - excellent travail ! J'ai prepare une analyse gratuite sur votre visibilite Google : https://indhack.com/diagnostic/coiffeur?nom=KS%20Beauty%20Hair%20-%20Salon%20de%20coiffure%20Nice.Ombre%20hair%2CLissages&ville=Nice&note=5&avis=80"
Coiffeur,Hair by Priscillia.k,5,80,Non,06 59 67 12 63,@hairbypriscillia.k,Non,6 Rue Parmentier 06100 Nice,https://indhack.com/diagnostic/coiffeur?nom=Hair%20by%20Priscillia.k&ville=Nice&note=5&avis=80,"Bonjour ! Je suis Indiana, consultante digitale. J'ai vu Hair by Priscillia.k (5 etoiles, 80 avis) - excellent travail ! J'ai prepare une analyse gratuite sur votre visibilite Google : https://indhack.com/diagnostic/coiffeur?nom=Hair%20by%20Priscillia.k&ville=Nice&note=5&avis=80"
Coiffeur,CORSO COIFFEUR,4.6,75,04 93 87 68 95,Non,Non,Non,14 Rue du Marechal Joffre 06000 Nice,https://indhack.com/diagnostic/coiffeur?nom=CORSO%20COIFFEUR&ville=Nice&note=4.6&avis=75,"Bonjour ! Je suis Indiana, consultante digitale. J'ai vu CORSO COIFFEUR (4.6 etoiles, 75 avis) - excellent travail ! J'ai prepare une analyse gratuite sur votre visibilite Google : https://indhack.com/diagnostic/coiffeur?nom=CORSO%20COIFFEUR&ville=Nice&note=4.6&avis=75"
Coiffeur,Valenti Style coiffure,4.9,52,Non,06 09 30 25 41,Non,Non,15 Av. du Marechal Foch 06000 Nice,https://indhack.com/diagnostic/coiffeur?nom=Valenti%20Style%20coiffure%20change%20d%E2%80%99adresse%20au%20salon%20%C2%AB%20les%20copines%20%C2%BB&ville=Nice&note=4.9&avis=52,"Bonjour ! Je suis Indiana, consultante digitale. J'ai vu Valenti Style coiffure (4.9 etoiles, 52 avis) - excellent travail ! J'ai prepare une analyse gratuite sur votre visibilite Google : https://indhack.com/diagnostic/coiffeur?nom=Valenti%20Style%20coiffure%20change%20d%E2%80%99adresse%20au%20salon%20%C2%AB%20les%20copines%20%C2%BB&ville=Nice&note=4.9&avis=52"
Coiffeur,Salon IDA,4.8,42,04 93 81 93 96,Non,Non,Non,3 Rue Francois 1er 06000 Nice,https://indhack.com/diagnostic/coiffeur?nom=Salon%20IDA&ville=Nice&note=4.8&avis=42,"Bonjour ! Je suis Indiana, consultante digitale. J'ai vu Salon IDA (4.8 etoiles, 42 avis) - excellent travail ! J'ai prepare une analyse gratuite sur votre visibilite Google : https://indhack.com/diagnostic/coiffeur?nom=Salon%20IDA&ville=Nice&note=4.8&avis=42"
Barbier,Barber House Port,4.6,390,Non,07 61 73 84 72,@barberhouse06,Non,7 Bd Franck Pilatte 06300 Nice,https://indhack.com/diagnostic/barbier?nom=Barber%20House%20Port&ville=Nice&note=4.6&avis=390,"Bonjour ! Je suis Indiana, consultante digitale. J'ai vu Barber House Port (4.6 etoiles, 390 avis) - excellent travail ! J'ai prepare une analyse gratuite sur votre visibilite Google : https://indhack.com/diagnostic/barbier?nom=Barber%20House%20Port&ville=Nice&note=4.6&avis=390"
Barbier,One Love Barbershop,4.6,341,04 93 88 80 12,Non,Non,Non,5 Rue du Lycee 06000 Nice,https://indhack.com/diagnostic/barbier?nom=One%20Love%20Barbershop&ville=Nice&note=4.6&avis=341,"Bonjour ! Je suis Indiana, consultante digitale. J'ai vu One Love Barbershop (4.6 etoiles, 341 avis) - excellent travail ! J'ai prepare une analyse gratuite sur votre visibilite Google : https://indhack.com/diagnostic/barbier?nom=One%20Love%20Barbershop&ville=Nice&note=4.6&avis=341"
Barbier,MY BARBER SHOP,4.6,168,Non,06 58 46 27 82,Non,Non,50 Rue Arson 06300 Nice,https://indhack.com/diagnostic/barbier?nom=MY%20BARBER%20SHOP%20(%20Avec%20%2F%20Sans%20RDV)&ville=Nice&note=4.6&avis=168,"Bonjour ! Je suis Indiana, consultante digitale. J'ai vu MY BARBER SHOP (4.6 etoiles, 168 avis) - excellent travail ! J'ai prepare une analyse gratuite sur votre visibilite Google : https://indhack.com/diagnostic/barbier?nom=MY%20BARBER%20SHOP%20(%20Avec%20%2F%20Sans%20RDV)&ville=Nice&note=4.6&avis=168"
Barbier,Comptoir des Barbiers,4.7,141,Non,06 16 77 68 99,Non,Non,48 Bd Jean Jaures 06000 Nice,https://indhack.com/diagnostic/barbier?nom=Comptoir%20des%20Barbiers&ville=Nice&note=4.7&avis=141,"Bonjour ! Je suis Indiana, consultante digitale. J'ai vu Comptoir des Barbiers (4.7 etoiles, 141 avis) - excellent travail ! J'ai prepare une analyse gratuite sur votre visibilite Google : https://indhack.com/diagnostic/barbier?nom=Comptoir%20des%20Barbiers&ville=Nice&note=4.7&avis=141"
Barbier,Moostach' Barber,4.3,125,09 51 86 06 92,Non,@moostach.barber,Non,100 Bd Gambetta 06000 Nice,https://indhack.com/diagnostic/barbier?nom=Moostach'%20Barber&ville=Nice&note=4.3&avis=125,"Bonjour ! Je suis Indiana, consultante digitale. J'ai vu Moostach' Barber (4.3 etoiles, 125 avis) - excellent travail ! J'ai prepare une analyse gratuite sur votre visibilite Google : https://indhack.com/diagnostic/barbier?nom=Moostach'%20Barber&ville=Nice&note=4.3&avis=125"
Barbier,Le local_barbershop,4.9,120,09 52 08 41 96,Non,@lelocal_barbershop,Non,25 Rue Tonduti de l'Escarene 06000 Nice,https://indhack.com/diagnostic/barbier?nom=Le%20local_barbershop&ville=Nice&note=4.9&avis=120,"Bonjour ! Je suis Indiana, consultante digitale. J'ai vu Le local_barbershop (4.9 etoiles, 120 avis) - excellent travail ! J'ai prepare une analyse gratuite sur votre visibilite Google : https://indhack.com/diagnostic/barbier?nom=Le%20local_barbershop&ville=Nice&note=4.9&avis=120"
Barbier,Barber Chic Nice,4.8,120,Non,06 74 98 16 69,Non,Non,30 Rue Georges Ville 06300 Nice,https://indhack.com/diagnostic/barbier?nom=Barber%20Chic%20Nice&ville=Nice&note=4.8&avis=120,"Bonjour ! Je suis Indiana, consultante digitale. J'ai vu Barber Chic Nice (4.8 etoiles, 120 avis) - excellent travail ! J'ai prepare une analyse gratuite sur votre visibilite Google : https://indhack.com/diagnostic/barbier?nom=Barber%20Chic%20Nice&ville=Nice&note=4.8&avis=120"
Barbier,Barber shop split hair,4.8,117,04 93 16 92 52,Non,Non,Non,19 Rue de Russie 06000 Nice,https://indhack.com/diagnostic/barbier?nom=Barber%20shop%20split%20hair&ville=Nice&note=4.8&avis=117,"Bonjour ! Je suis Indiana, consultante digitale. J'ai vu Barber shop split hair (4.8 etoiles, 117 avis) - excellent travail ! J'ai prepare une analyse gratuite sur votre visibilite Google : https://indhack.com/diagnostic/barbier?nom=Barber%20shop%20split%20hair&ville=Nice&note=4.8&avis=117"
Barbier,Absalon,4.6,109,04 93 88 53 05,Non,Non,Non,8 Rue Meyerbeer 06000 Nice,https://indhack.com/diagnostic/barbier?nom=Absalon&ville=Nice&note=4.6&avis=109,"Bonjour ! Je suis Indiana, consultante digitale. J'ai vu Absalon (4.6 etoiles, 109 avis) - excellent travail ! J'ai prepare une analyse gratuite sur votre visibilite Google : https://indhack.com/diagnostic/barbier?nom=Absalon&ville=Nice&note=4.6&avis=109"
Barbier,Barber Style - Barber shop Nice,4.6,106,Non,07 68 52 61 02,Non,Non,33 Av. Alfred Borriglione 06100 Nice,https://indhack.com/diagnostic/barbier?nom=Barber%20Style%20-%20Barber%20shop%20Nice&ville=Nice&note=4.6&avis=106,"Bonjour ! Je suis Indiana, consultante digitale. J'ai vu Barber Style (4.6 etoiles, 106 avis) - excellent travail ! J'ai prepare une analyse gratuite sur votre visibilite Google : https://indhack.com/diagnostic/barbier?nom=Barber%20Style%20-%20Barber%20shop%20Nice&ville=Nice&note=4.6&avis=106"
Barbier,Barber studio,4.5,102,04 23 13 58 24,Non,Non,Non,105 bis Rue de Roquebilliere 06300 Nice,https://indhack.com/diagnostic/barbier?nom=Barber%20studio&ville=Nice&note=4.5&avis=102,"Bonjour ! Je suis Indiana, consultante digitale. J'ai vu Barber studio (4.5 etoiles, 102 avis) - excellent travail ! J'ai prepare une analyse gratuite sur votre visibilite Google : https://indhack.com/diagnostic/barbier?nom=Barber%20studio&ville=Nice&note=4.5&avis=102"
Barbier,Le barbier de nice,5,101,09 87 56 05 13,Non,Non,Non,12 Av. Malaussena 06000 Nice,https://indhack.com/diagnostic/barbier?nom=Le%20barbier%20de%20nice&ville=Nice&note=5&avis=101,"Bonjour ! Je suis Indiana, consultante digitale. J'ai vu Le barbier de nice (5 etoiles, 101 avis) - excellent travail ! J'ai prepare une analyse gratuite sur votre visibilite Google : https://indhack.com/diagnostic/barbier?nom=Le%20barbier%20de%20nice&ville=Nice&note=5&avis=101"
Barbier,Succes Coiffure - Barber shop Nice,4.7,92,09 53 31 03 71,Non,Non,Non,35 Rue Barla 06300 Nice,https://indhack.com/diagnostic/barbier?nom=Succ%C3%A8s%20Coiffure%20-%20Barber%20shop%20Nice&ville=Nice&note=4.7&avis=92,"Bonjour ! Je suis Indiana, consultante digitale. J'ai vu Succes Coiffure (4.7 etoiles, 92 avis) - excellent travail ! J'ai prepare une analyse gratuite sur votre visibilite Google : https://indhack.com/diagnostic/barbier?nom=Succ%C3%A8s%20Coiffure%20-%20Barber%20shop%20Nice&ville=Nice&note=4.7&avis=92"
Barbier,My Barberhood,4.5,84,Non,06 88 44 60 24,Non,Non,17 Rue Frederic Passy 06000 Nice,https://indhack.com/diagnostic/barbier?nom=My%20Barberhood&ville=Nice&note=4.5&avis=84,"Bonjour ! Je suis Indiana, consultante digitale. J'ai vu My Barberhood (4.5 etoiles, 84 avis) - excellent travail ! J'ai prepare une analyse gratuite sur votre visibilite Google : https://indhack.com/diagnostic/barbier?nom=My%20Barberhood&ville=Nice&note=4.5&avis=84"
Barbier,Street barber,4.4,74,Non,06 65 98 57 73,Non,Non,15 Rue Chateauneuf 06000 Nice,https://indhack.com/diagnostic/barbier?nom=Street%20barber&ville=Nice&note=4.4&avis=74,"Bonjour ! Je suis Indiana, consultante digitale. J'ai vu Street barber (4.4 etoiles, 74 avis) - excellent travail ! J'ai prepare une analyse gratuite sur votre visibilite Google : https://indhack.com/diagnostic/barbier?nom=Street%20barber&ville=Nice&note=4.4&avis=74"
Barbier,45th Barber Street,4.7,66,Non,07 81 01 73 57,Non,Non,45 Av. Georges Clemenceau 06000 Nice,https://indhack.com/diagnostic/barbier?nom=45th%20Barber%20Street&ville=Nice&note=4.7&avis=66,"Bonjour ! Je suis Indiana, consultante digitale. J'ai vu 45th Barber Street (4.7 etoiles, 66 avis) - excellent travail ! J'ai prepare une analyse gratuite sur votre visibilite Google : https://indhack.com/diagnostic/barbier?nom=45th%20Barber%20Street&ville=Nice&note=4.7&avis=66"
Barbier,GABRIEL.B,4.9,65,04 23 13 00 51,Non,Non,Non,48 Bd Jean Jaures 06300 Nice,https://indhack.com/diagnostic/barbier?nom=GABRIEL.B&ville=Nice&note=4.9&avis=65,"Bonjour ! Je suis Indiana, consultante digitale. J'ai vu GABRIEL.B (4.9 etoiles, 65 avis) - excellent travail ! J'ai prepare une analyse gratuite sur votre visibilite Google : https://indhack.com/diagnostic/barbier?nom=GABRIEL.B&ville=Nice&note=4.9&avis=65"
Barbier,Barber Dream Coiffure,3.6,61,Non,Non,Non,Non,29 Bd Raimbaldi 06000 Nice,https://indhack.com/diagnostic/barbier?nom=Barber%20Dream%20Coiffure&ville=Nice&note=3.6&avis=61,"Bonjour ! Je suis Indiana, consultante digitale. J'ai vu Barber Dream Coiffure (3.6 etoiles, 61 avis) - excellent travail ! J'ai prepare une analyse gratuite sur votre visibilite Google : https://indhack.com/diagnostic/barbier?nom=Barber%20Dream%20Coiffure&ville=Nice&note=3.6&avis=61"
Barbier,MS BARBER,4.8,60,Non,06 16 29 30 16,Non,Non,52 Bd Jean Jaures 06300 Nice,https://indhack.com/diagnostic/barbier?nom=MS%20BARBER&ville=Nice&note=4.8&avis=60,"Bonjour ! Je suis Indiana, consultante digitale. J'ai vu MS BARBER (4.8 etoiles, 60 avis) - excellent travail ! J'ai prepare une analyse gratuite sur votre visibilite Google : https://indhack.com/diagnostic/barbier?nom=MS%20BARBER&ville=Nice&note=4.8&avis=60"
Barbier,Les Barbiers,4.8,41,Non,06 03 44 73 68,Non,Non,6 Bd Lech Walesa 06300 Nice,https://indhack.com/diagnostic/barbier?nom=Les%20Barbiers&ville=Nice&note=4.8&avis=41,"Bonjour ! Je suis Indiana, consultante digitale. J'ai vu Les Barbiers (4.8 etoiles, 41 avis) - excellent travail ! J'ai prepare une analyse gratuite sur votre visibilite Google : https://indhack.com/diagnostic/barbier?nom=Les%20Barbiers&ville=Nice&note=4.8&avis=41"
Barbier,BARBER 24,4.6,32,Non,07 62 36 65 97,Non,Non,24 Rue Trachel 06000 Nice,https://indhack.com/diagnostic/barbier?nom=BARBER%2024&ville=Nice&note=4.6&avis=32,"Bonjour ! Je suis Indiana, consultante digitale. J'ai vu BARBER 24 (4.6 etoiles, 32 avis) - excellent travail ! J'ai prepare une analyse gratuite sur votre visibilite Google : https://indhack.com/diagnostic/barbier?nom=BARBER%2024&ville=Nice&note=4.6&avis=32"
Barbier,Barber Shop 06,4.7,26,Non,07 53 42 52 12,Non,Non,22 Av. des Orangers 06000 Nice,https://indhack.com/diagnostic/barbier?nom=Barber%20Shop%2006&ville=Nice&note=4.7&avis=26,"Bonjour ! Je suis Indiana, consultante digitale. J'ai vu Barber Shop 06 (4.7 etoiles, 26 avis) - excellent travail ! J'ai prepare une analyse gratuite sur votre visibilite Google : https://indhack.com/diagnostic/barbier?nom=Barber%20Shop%2006&ville=Nice&note=4.7&avis=26"
Barbier,Men's Barber,4.8,23,Non,Non,Non,Non,26 Rue d'Angleterre 06000 Nice,https://indhack.com/diagnostic/barbier?nom=Men%E2%80%99s%20Barber&ville=Nice&note=4.8&avis=23,"Bonjour ! Je suis Indiana, consultante digitale. J'ai vu Men's Barber (4.8 etoiles, 23 avis) - excellent travail ! J'ai prepare une analyse gratuite sur votre visibilite Google : https://indhack.com/diagnostic/barbier?nom=Men%E2%80%99s%20Barber&ville=Nice&note=4.8&avis=23"
Barbier,BARBER HOUSE,4.7,14,Non,07 69 03 68 02,Non,Non,2 Rue Auguste Gal 06300 Nice,https://indhack.com/diagnostic/barbier?nom=BARBER%20HOUSE&ville=Nice&note=4.7&avis=14,"Bonjour ! Je suis Indiana, consultante digitale. J'ai vu BARBER HOUSE (4.7 etoiles, 14 avis) - excellent travail ! J'ai prepare une analyse gratuite sur votre visibilite Google : https://indhack.com/diagnostic/barbier?nom=BARBER%20HOUSE&ville=Nice&note=4.7&avis=14"
Barbier,The Barber,4.8,13,Non,Non,Non,Non,6 Rue d'Alsace-Lorraine 06000 Nice,https://indhack.com/diagnostic/barbier?nom=The%20Barber&ville=Nice&note=4.8&avis=13,"Bonjour ! Je suis Indiana, consultante digitale. J'ai vu The Barber (4.8 etoiles, 13 avis) - excellent travail ! J'ai prepare une analyse gratuite sur votre visibilite Google : https://indhack.com/diagnostic/barbier?nom=The%20Barber&ville=Nice&note=4.8&avis=13"
Barbier,Coiffeur Barbier,5,7,04 93 88 53 05,Non,Non,Non,8 Rue Meyerbeer 06000 Nice,https://indhack.com/diagnostic/barbier?nom=Coiffeur%20Barbier&ville=Nice&note=5&avis=7,"Bonjour ! Je suis Indiana, consultante digitale. J'ai vu Coiffeur Barbier (5 etoiles, 7 avis) - excellent travail ! J'ai prepare une analyse gratuite sur votre visibilite Google : https://indhack.com/diagnostic/barbier?nom=Coiffeur%20Barbier&ville=Nice&note=5&avis=7"
Barbier,As barber,5,6,Non,07 75 74 12 54,Non,Non,21 Rue Marceau 06000 Nice,https://indhack.com/diagnostic/barbier?nom=As%20barber&ville=Nice&note=5&avis=6,"Bonjour ! Je suis Indiana, consultante digitale. J'ai vu As barber (5 etoiles, 6 avis) - excellent travail ! J'ai prepare une analyse gratuite sur votre visibilite Google : https://indhack.com/diagnostic/barbier?nom=As%20barber&ville=Nice&note=5&avis=6"
Barbier,BARBER STYLE ARSON,5,6,Non,Non,Non,Non,24 Rue Arson 06300 Nice,https://indhack.com/diagnostic/barbier?nom=BARBER%20STYLE%20ARSON%20%F0%9F%92%88&ville=Nice&note=5&avis=6,"Bonjour ! Je suis Indiana, consultante digitale. J'ai vu BARBER STYLE ARSON (5 etoiles, 6 avis) - excellent travail ! J'ai prepare une analyse gratuite sur votre visibilite Google : https://indhack.com/diagnostic/barbier?nom=BARBER%20STYLE%20ARSON%20%F0%9F%92%88&ville=Nice&note=5&avis=6"
Barbier,Gentleman barber,3.7,3,Non,Non,Non,Non,33 Rue de Lepante 06000 Nice,https://indhack.com/diagnostic/barbier?nom=Gentleman%20barber&ville=Nice&note=3.7&avis=3,"Bonjour ! Je suis Indiana, consultante digitale. J'ai vu Gentleman barber (3.7 etoiles, 3 avis) - excellent travail ! J'ai prepare une analyse gratuite sur votre visibilite Google : https://indhack.com/diagnostic/barbier?nom=Gentleman%20barber&ville=Nice&note=3.7&avis=3"
