Nom du Restaurant,Ville,Catégorie,Note Google,Nombre d'Avis,Possède un Site Web,Site Web URL,Score de Complétude Profil (sur 10),Google Maps CID
"Le Panier","Nice","Française",4.8,2,"Oui","http://www.restaurantlepanier.com/",6,"11769985832384550861"
"Les Sens","Nice","Française",4.7,1,"Oui","http://www.les-sens-nice.fr/",6,"15752787321929773898"
"L'Alchimie restaurant Nice","Nice","Méditerranéenne",4.9,1,"Oui","http://www.lalchimie-restaurant.com/?utm_source=google&utm_medium=wix_google_business_profile&utm_campaign=11148714355939168601",6,"12795282804288500758"
"Chez Acchiardo","Nice","Restaurant",4.7,3,"Oui","https://www.facebook.com/pages/Restaurant-Chez-Acchiardo/247157661974943",6,"13696855102255329525"
"Le Bouchon","Nice","Française",4.9,1,"Oui","https://www.lebouchonnice.fr/",6,"11166467869400105867"
"La Cantine de Mémé - restaurant à Nice","Nice","Restaurant",4.8,1,"Oui","http://www.lacantinedememe.fr/",6,"14430131001696314437"
"Le Patio Restaurant & Terrasse","Nice","Méditerranéenne",4.6,642,"Oui","https://www.hotel-la-perouse.com/restaurant-bar-terrasse/",8,"7987257669795432262"
"La maison de Marie - Restaurant Traditionnel Nice","Nice","Française",4.3,3,"Oui","https://www.lamaisondemarie.com/",6,"4210885743166931084"
"LA. CUCINA","Nice","Italienne",4.7,1,"Oui","https://www.instagram.com/la_cucinanice?igsh=MTF3cjV5dGs3MmZybg%3D%3D&utm_source=qr",6,"17019030474594185868"
"Bistrot Gourmand - restaurant à Nice","Nice","Française",4.5,1,"Oui","https://www.bistrotgourmand.net/",6,"4360285173651645366"
"Restaurant JAN","Nice","Cuisine gastronomique",4.8,1,"Oui","http://www.restaurantjan.com/",6,"4881164733632136658"
"La Réserve de Nice","Nice","Gastronomie française",4.5,1,"Oui","https://www.lareservedenice.fr/fr/",6,"7040850707024510850"
"Maison F Restaurant","Nice","Restaurant",4.6,931,"Oui","https://www.maison-f-restaurant-nice.fr/",8,"2853082532217412316"
"Les Agitateurs - restaurant gastronomique","Nice","Cuisine gastronomique",4.8,1,"Oui","https://www.lesagitateurs.com/",6,"1705661167762086501"
"Influence - restaurant gastronomique à Nice","Nice","Restaurant",4.7,583,"Oui","https://restaurant-influence-nice.fr/",8,"2050687890040526654"
"L'Atelier","Nice","Française",4.6,546,"Oui","https://bonsrestaurants.fr/restaurants/l-atelier-nice-2/",8,"6988262826454152464"
"Prima Volta","Nice","Pizza",4.9,2,"Oui","https://primavoltanice.fr/",6,"7380318581373429246"
"La Pizza Cresci","Nice","Pizza",4.2,4,"Oui","https://www.pizza-cresci-nice.com/",6,"15867246933668146064"
"Pizzeria bella napoli","Nice","Pizza",4.9,356,"Oui","https://pizzeria-bellanapolinice.fr/",8,"12829126836468936151"
"Les Amoureux","Nice","Pizza",4.9,3,"Oui","https://lesamoureuxpizzeria.com/",6,"1904803025935616292"
"Sapori di Sicilia","Nice","Pizza",4.8,392,"Oui","https://sapori-di-sicilia.fr/",8,"6429134042235361186"
"Pizza _italian pizza _pizza napoletana _ napolitaine _ take away_pizza to go_amore pizza_trattoria","Nice","Pizza",4.6,669,"Oui","https://litaliananice.com/",8,"17427305404133213335"
"Don Vincenzo","Nice","Pizza",4.8,647,"Non","",7,"9441185710125649791"
"La Voglia","Nice","Italienne",4.4,6,"Oui","https://www.lavoglia.com/",6,"11762304910847949111"
"Pizza da Francesco","Nice","Pizza",4.7,745,"Oui","http://pizzadafrancesco.com/",8,"10132035851948462250"
"Doma pizza","Nice","Pizza",4.9,1,"Oui","https://www.domapizza.fr/",6,"9586014079270883393"
"FELIX - Brasserie","Nice","Restaurant",4.6,5,"Oui","https://www.felixdenice.fr/",6,"381358896413757169"
"Brasserie de Castillon - Taproom","Nice","Microbrasserie",4.9,369,"Oui","https://www.brasseriedecastillon.com/",8,"17213876407754249105"
"Brasserie Le Gambetta","Nice","Brasserie",4.3,1,"Oui","https://brasserielegambetta.fr/",6,"9431662501705358827"
"Le Napoléon Brasserie Nice","Nice","Restaurant",4.5,567,"Oui","https://www.lenapoleon-nice.fr/",8,"11389083351153528419"
"Le Gaglio - Brasserie Nice","Nice","Brasserie",4.2,1,"Oui","http://www.restaurantgaglio.com/fr/",6,"9928181040498696735"
"La Table de Brice","Nice","Brasserie",4.8,149,"Oui","https://www.instagram.com/latabledebrice",8,"1763050446024804149"
"Brasserie L'Union","Nice","Restaurant",4.3,1,"Oui","http://www.unionrestaurant.fr/",6,"11711634511332022588"
"Brasserie BLEUE","Nice","Brasserie",4.9,48,"Oui","http://brasseriebleue.com/",7,"3381241155939422518"
"La Rotonde","Nice","Restaurant",4.4,969,"Oui","https://www.lenegresco.com/restaurants/la-rotonde",8,"14129135761908998665"
"La Cantine Provençale","Cannes","Plats provençaux",4.8,1,"Oui","http://lacantineprovencale.com/",6,"2624348610018258378"
"L'Assiette Provençale","Cannes","Française",4.5,1,"Oui","http://lassiette-provencale-restaurant-cannes.eatbu.com/",6,"2191460681434750623"
"La Môme","Cannes","Restaurant",4.4,3,"Oui","https://lamomecannes.com/",6,"13601003185247145928"
"Hyde Beach Cannes","Cannes","Restaurant",4.6,1,"Oui","https://mondrianhotels.com/cannes/dining/hyde-beach/",6,"6218333340370325432"
"La Bambola","Cannes","Restaurant",4.6,348,"Oui","http://www.labambolacannes.com/",8,"3960879044877385409"
"Sens Restaurant Cannes","Cannes","Restaurant",4.8,532,"Oui","https://www.sens-restaurant.fr/",8,"3986549671559008436"
"Black Sails - A Pirate Tavern By Chef LeChat","Cannes","Restaurant",4.9,881,"Oui","http://blacksailstavern.fr/",8,"10728005399068597688"
"La Table du Chef","Cannes","Française",4.6,560,"Oui","https://latableduchefcannes.com/",8,"6808129061661802491"
"La Mandala - Restaurant - Plage - Croisette Cannes","Cannes","Restaurant",4.2,1,"Oui","https://lamandala-cannes.com/",5,"13377605883880775031"
"L’Atrium - Restaurant Cannes","Cannes","Restaurant",4.6,816,"Oui","https://www.l-atrium-restaurant-cannes.fr/",8,"8670038013024881194"
"Restaurant La Palme d'Or","Cannes","Gastronomie française",4.5,288,"Oui","https://www.lapalmedor-restaurant.fr/",8,"6210398868081644242"
"Fouquet's Cannes","Cannes","Brasserie",4.4,619,"Oui","https://www.hotelsbarriere.com/cannes/le-majestic/restaurants-et-bars/fouquets-cannes",8,"10063027473843663301"
"Table 22 par Noël Mantel - Restaurant Cannes","Cannes","Restaurant",4.4,497,"Oui","https://www.restaurantmantel.com/",8,"16616162928563535411"
"L'Affable","Cannes","Française",4.6,737,"Oui","http://restaurant-laffable.fr/",8,"2305491789400613947"
"La Table d’Hôtes","Cannes","Restaurant",4.8,150,"Oui","https://www.latabledhotes-cannes.com/",8,"8107964505772073808"
"Scalini","Cannes","Italienne",4.8,455,"Oui","https://www.jwmarriottcannes-restaurants.com/",8,"10547500600828612225"
"La Pizza Cresci - Cannes","Cannes","Pizza",4.1,7,"Oui","https://www.pizza-cresci-cannes.com/",6,"5322692891778722287"
"Mamma Mia - La Spiaggia","Cannes","Pizza",4.7,655,"Oui","http://mammamia-cannes.fr/",8,"17536086375446163884"
"Pizzatti Cannes — Livraison à domicile","Cannes","Pizza",4.8,91,"Oui","https://pizzatti.fr/",8,"3430254689037562047"
"GREEN PIZZA CANNES","Cannes","Pizza",4.8,337,"Oui","https://green-pizza.qaniit.com/fr/",8,"6086220796290664871"
"Best Pizza - Pizzeria Cannoise","Cannes","Pizza",4.5,281,"Non","",7,"8563013845337854767"
"Tredici","Cannes","Pizza",4.5,1,"Oui","https://tredici-cannes.eatbu.com/",6,"2798441634160374797"
"RAGAZZI CANNES","Cannes","Italienne",4.4,1,"Oui","http://ragazzi-group.fr/",6,"8335151675709832401"
"Pizza34","Cannes","Pizza",4.8,793,"Oui","http://pizza-34-cannes.eatbu.com/",8,"7734690489498615657"
"Mamma Pizza - Cannes","Cannes","Pizza",4.6,401,"Oui","https://mamma-pizza-cannes.eatbu.com/",8,"7211721950483688459"
"La Pizzaiola ""Chez Xavier""","Cannes","Pizza",4.4,676,"Oui","https://pizzaiolachezxavier.eatbu.com/",8,"8667443533722628509"
"Chez Le Brasseur Cannes","Cannes","Restaurant",4.2,1,"Oui","https://www.chezlebrasseur.com/chez-le-brasseur-cannes/",6,"712144188620166703"
"Brasserie La Villa","Cannes","Brasserie",4.6,442,"Oui","https://brasserielavilla.fr/fr",8,"4671058920524087507"
"La Californie - Cannes","Cannes","Française",3.8,1,"Oui","http://www.lacalifornie-cannes.com/",5,"13321092392811150808"
"Biererie By Brasserie Du Casino","Cannes","Restaurant",4.1,405,"Oui","https://foodandgood.fr/biererie-by-brasserie-du-casino/",8,"9884098334214871657"
"Le Californie","Cannes","Française",4.6,183,"Oui","https://www.instagram.com/le.californie?igsh=MTkxbDlibXAwd3Z3NA%3D%3D&utm_source=qr",8,"1967809246080401085"
"ASTOUX ET BRUN","Cannes","Brasserie",4.5,2,"Oui","https://www.astouxetbrun.com/",6,"4109197064056465135"
"New-York New-York","Cannes","Restaurant",4.1,6,"Oui","http://www.nynycannes.com/",6,"11126788354783083493"
"la petite escale","Antibes","Française",4.9,390,"Non","",7,"14292405299487610865"
"Restaurant L'Arazur","Antibes","Gastronomie française",4.6,939,"Oui","http://www.larazur.fr/",8,"15242614788864917223"
"La trattoria","Antibes","Italienne",4.7,577,"Non","",7,"7242074277033125802"
"Le Vieil Antibes","Antibes","Brasserie",4.2,896,"Oui","https://www.facebook.com/pablovieilantibes/",8,"9097350722056371240"
"Le P'tit Cageot","Antibes","Française",4.5,841,"Oui","http://www.leptitcageot.com/",8,"17572824696867544809"
"Restaurant La Cafetière Fêlée","Antibes","Restaurant de cuisine fusion",4.8,1,"Oui","https://www.lacafetierefelee.com/",6,"15277439056261745179"
"Angelo’s by Le Milano Antibes","Antibes","Restaurant",4.6,501,"Oui","https://www.ubereats.com/fr/store/angelos-snack-antibes/A1oYLQM2RxqSkMOdiyaY3w",8,"5187429562339194242"
"Jeanne","Antibes","Restaurant",4.9,873,"Oui","https://www.jeanne-antibes.com/",8,"285434004738468212"
"Pasta e Basta - Antibes","Antibes","Italienne",4.7,158,"Non","",7,"6867585592680778251"
"Restaurant le Vauban","Antibes","Française",4.7,775,"Oui","http://www.levauban.fr/",8,"2131165809305880441"
"Le Figuier de Saint-Esprit","Antibes","Gastronomie française",4.4,777,"Oui","http://le-figuier-de-saint-esprit.com/",8,"10998954879260016918"
"La Flibuste - Restaurant Gastronomique Villeneuve-Loubet","Antibes","Française",4.8,715,"Oui","https://restaurantlaflibuste.fr/",7,"7958043303554335543"
"Restaurant Les Terraillers","Antibes","Gastronomie française",4.7,643,"Oui","https://www.lesterraillers.fr/",7,"12545336986852997840"
"Restaurant Les Vieux Murs","Antibes","Gastronomie française",4,991,"Oui","https://www.lesvieuxmurs.com/",8,"12561911957223972569"
"Restaurant le 44","Antibes","Française",4.5,837,"Oui","http://www.le44riviera.com/",8,"15368612124410794463"
"Eden-Roc Restaurant","Antibes","Française",4.6,641,"Oui","https://www.oetkerhotels.com/hotels/hotel-du-cap-eden-roc/restaurants-bars/eden-roc-restaurant/?utm_source=google&utm_medium=organic&utm_campaign=google_local_eden_roc_restaurant",7,"11450392190643151685"
"La Fattoria","Antibes","Pizzas à emporter",4.9,339,"Oui","https://www.la-fattoria-antibes.fr/",8,"3204124812005346095"
"Pizzacom","Antibes","Pizza",4.9,108,"Oui","https://digitalaccom.wixsite.com/pizzacom",8,"9263525865469531840"
"Panetti Pizza Club Antibes","Antibes","Pizza",4.8,423,"Oui","https://www.instagram.com/panettipizzaclub/?hl=fr",8,"1855683742792106594"
"Gusto Gelato Pizza - Antibes","Antibes","Pizza",4.5,827,"Oui","http://www.gustoantibes.fr/",8,"11711520812052092447"
"Pizzeria d’la ruelle","Antibes","Pizza",4.8,187,"Oui","https://www.pizzeriadlaruelleantibes.fr/",8,"16565938355731516737"
"Ciao Pizza","Antibes","Pizza",4.8,95,"Non","",7,"7993908829061843022"
"Chez Ditta Pinède","Antibes","Italienne",4.9,176,"Oui","https://www.instagram.com/chezdittapinede?igsh=YnB5amF5ZDM1NDFv",8,"11345234784321589046"
"Eden Pizza","Antibes","Pizza",4.6,928,"Oui","https://www.edenpizza.fr/",8,"639028065231146552"
"Vin’s Pizza Antibes","Antibes","Pizza",4.8,168,"Oui","http://www.vinspizza.fr/",8,"1479622155725798916"
"Da Vinci","Antibes","Pizza",4.5,417,"Oui","http://www.davinci-antibes.com/",8,"8348360478624851704"
"Le Vieil Antibes","Antibes","04 93 34 56 84       ""Service géniale et déjeuner bien préparé et de bon prix.""",4.2,0,"Oui","https://www.facebook.com/pablovieilantibes/",6,"9097350722056371240"
"La Terrasse","Antibes","04 93 61 94 18       ""Un menu enfant avec un vrai bon steak hache et une cuisson très juste.""",4.4,0,"Non","",5,"16352200735761641761"
"Cafe Kanter","Antibes","04 93 34 16 15       ""Très bon restaurant,  très bon steak tartare, très bon service.""",4.4,0,"Oui","https://cafe-kanter.eatbu.com/",6,"12605216790736407819"
"Brasserie au café","Antibes","04 92 90 08 67       ""Service parfait, nourriture excellente, prix intéressant.""",4.6,0,"Non","",5,"13689008159552648234"
"3 Brasseurs Antibes","Antibes","04 93 74 23 71       ""Accueil sympathique, ambiance brasserie, plats copieux et bon.""",4,0,"Oui","https://restaurants.3brasseurs.com/fr/france-FR/884/3-brasseurs-antibes/details",6,"17757119961157336511"
"Le Grand Barbu - Brasserie TYPSI'S Bar à cocktails Concerts live","Antibes","Brasserie59 Av. Philippe Rochat06 88 00 83 62       ""Ambiance feutrée, patron sympa bière artisanale""",4.9,0,"Non","",5,"15515607299156814961"
"Mistinguett cafe Brasserie Comptoir","Antibes","04 93 95 14 67       ""Nourriture  au top staff au top
Super ambiance""",4,0,"Oui","https://mistinguettcafebrasseriecomptoir.shop/",6,"4992435824330901609"
"Square sud - Le cafe glacier","Antibes","04 93 34 86 30       ""Superbe endroit, service impeccable et efficace, cuisine excellente, merci.""",4.1,0,"Oui","http://lesquaresud.fr/fr",6,"7508041310982621476"
"CRAFTAZUR - Brasserie Artisanale d'Antibes","Antibes","07 67 18 85 55       ""J’ai fait appel à Craftazur dans le cadre d’un anniversaire.""",5,0,"Oui","https://craftazur.fr/",6,"9908482636703532081"
"Le Patio Antibes","Antibes","04 93 34 42 66       ""La cuisine est excellente , l'ambiance y est conviviale et tres agreable .""",4.2,0,"Non","",5,"10396407128430814667"
"La Môme Monte-Carlo","Monaco","Restaurant",4.7,1,"Oui","https://lamomemontecarlo.com/",5,"14494629078830784097"
"Caffè Milano","Monaco","Restaurant",4.7,3,"Oui","https://www.caffemilano.mc/",6,"17003971645630163726"
"Chez Pierre - French Restaurant in Monaco with Bar","Monaco","Française",4.9,568,"Oui","https://chezpierre.mc/",7,"7417235480731680803"
"Buddha-Bar Monte-Carlo","Monaco","Restaurant",4.5,2,"Oui","https://www.montecarlosbm.com/fr/restaurant-monaco/buddha-bar-monte-carlo",5,"8806547753368085528"
"Giacomo","Monaco","Italienne",4.6,2,"Oui","https://www.bigmammagroup.com/fr/restaurants-italiens/giacomo?utm_source=google&utm_medium=organic&utm_campaign=mybusiness-website",6,"12734224243589245711"
"La Note Bleue","Monaco","Restaurant",4.5,1,"Oui","http://lanotebleue.mc/",5,"2970254160614618866"
"Les Perles de Monte-Carlo","Monaco","Fruits de mer",4.8,756,"Non","",6,"9058716589738505411"
"Zeffirino Monaco","Monaco","Italienne",4.7,372,"Oui","https://zeffirino-restaurant.com/monaco/",7,"11072659069838734051"
"Café de Paris Monte-Carlo","Monaco","Restaurant",4.1,4,"Oui","https://www.montecarlosbm.com/fr/restaurant-monaco/le-cafe-de-paris",5,"5357003963339220412"
"Chez Les Grecs","Monaco","Grecque",4.9,391,"Oui","http://www.chezlesgrecs.com/",7,"17695340287953787770"
"R - La Table d'Antonio Salvatore","Monaco","Cuisine gastronomique",4.6,54,"Oui","https://rampoldi.mc/la-table-dantonio-salvatore/",8,"17930756242935482650"
"Pavyllon Monte-Carlo, un restaurant de Yannick Alléno","Monaco","Cuisine gastronomique",4.6,340,"Oui","https://www.montecarlosbm.com/fr/restaurant-monaco/pavyllon-monte-carlo-restaurant-yannick-alleno",8,"18017071706079587041"
"Blue Bay Marcel Ravin","Monaco","Cuisine gastronomique",4.6,315,"Oui","https://www.montecarlosbm.com/fr/restaurant-monaco/blue-bay-marcel-ravin",7,"10579475863780553851"
"Le Grill","Monaco","Cuisine gastronomique",4.7,555,"Oui","https://www.montecarlosbm.com/fr/restaurant-monaco/le-grill",7,"17350570656598732343"
"Restaurant La Table d'Elise Monaco","Monaco","Méditerranéenne",4.3,314,"Oui","https://www.latabledelise.mc/restaurant/",8,"14623689714501575653"
"Private Chef Côte d’Azur : Traiteur Luxe & Tradition de la Région","Monaco","Service de cuisinier à domicile",5,78,"Oui","https://privatechefmonaco.com/",7,"6525137013324539282"
"Robuchon Monaco","Monaco","Restaurant",4.9,27,"Oui","https://robuchonmonaco.com/robuchon-monaco/",6,"10894614793249377719"
"Bella Vita","Monaco","Italienne",4.2,2,"Oui","http://www.bellavita.mc/",6,"5200038319917578254"
"Reginèlla","Monaco","Italienne",4.7,526,"Oui","http://www.lareginellamc.com/",7,"16974955827227040713"
"Il Giardino Monte-Carlo","Monaco","Restaurant",4.6,466,"Oui","https://www.ilgiardinomontecarlo.com/",8,"4256461613601612832"
"Ristorante Pizzeria Sorrento Monaco","Monaco","Restaurant",4.4,58,"Non","",6,"66167362720929815"
"La Chamade Lab","Monaco","Pizza",4.9,814,"Non","",6,"3690593762602210764"
"Maya Mia","Monaco","Italienne",4.4,1,"Oui","https://www.mayamia.mc/",6,"9813789870110477779"
"Crazy Pizza Monte Carlo","Monaco","Pizza",4.2,1,"Oui","https://crazypizza.com/monte-carlo/",6,"12512490173117263544"
"Norma","Monaco","Italienne",4.5,428,"Oui","https://norma-monaco.com/",7,"4922392750752696476"
"Brasserie de Monaco","Monaco","Microbrasserie",4.1,2,"Oui","http://www.brasseriedemonaco.com/",5,"7547452235297415175"
"La Trattoria","Menton","Italienne",4.6,3,"Oui","https://www.latrattoria-menton.fr/en/",6,"9268545235651516859"
"Mont Goût","Menton","Restaurant",4.9,499,"Oui","https://www.instagram.com/montgout/",8,"5096585806181505931"
"Les Cotes de Menton","Menton","Restaurant",4.8,244,"Oui","https://www.lescotesdementon.com/",8,"5337310383749167970"
"L'AVENUE","Menton","Restaurant",4.7,733,"Non","",7,"1864236121802554317"
"Restaurant Mirazur","Menton","Gastronomie française",4.4,1,"Oui","http://www.mirazur.fr/",6,"10881577327455334296"
"L’Orangerie-restaurant Menton","Menton","Française",4.7,827,"Oui","https://www.orangeriementon.fr/",8,"14167124876616801864"
"Lyode","Menton","Fruits de mer",4.8,230,"Oui","https://www.instagram.com/lyode_restaurant?igsh=Y3YwcWlxOHd3bGZh&utm_source=qr",8,"13532556144078870268"
"Les Croc's","Menton","Restaurant",4.9,375,"Non","",7,"10455997804545162305"
"Le Stanley","Menton","Restaurant",4.4,2,"Oui","https://www.stanley-menton.fr/",6,"7111743436001969443"
"L'Entre II","Menton","Restaurant",4.6,249,"Non","",7,"2784701408540845732"
"PIZZA e BASTA","Menton","Italienne",4.8,189,"Oui","https://pizzaebastamenton.com/",8,"9320584036607528411"
"Fleur de Mozza - Pizzeria Menton","Menton","Pizza",4.7,319,"Non","",7,"3136570156732592579"
"Pizz’Addict","Menton","Pizza",4.8,315,"Non","",7,"14810050658708060771"
"Da Franci","Menton","Pizza",4.7,268,"Non","",7,"2402293320998114075"
"Al Vecchio Forno","Menton","Pizza",4.4,1,"Oui","https://cinque-valli.com/listing/al-vecchio-forno/",6,"7360252188411899053"
"L'ENVOL Pizzeria","Menton","Pizza",4.8,109,"Non","",7,"13168519065337258035"
"Il faró - Pizzeria","Menton","Italienne",4.9,61,"Non","",7,"8640639638461488508"
"Salentoexpress","Menton","Pizza",4.9,161,"Non","",7,"16672720760429328564"
"La PecoraNegra Menton","Menton","Pizza",4.3,869,"Oui","http://www.pecoranegra.fr/",7,"8420388479111571923"
"Pizzeria 430gradi","Menton","Pizza",4.6,576,"Oui","https://instagram.com/pizzeria430gradi?utm_medium=copy_link",8,"5173883789867128868"
"Brasserie du cap","Menton","Brasserie",3.8,903,"Non","",6,"5242439904591054658"
"Brasserie Le Clémenceau","Menton","Brasserie",4.3,322,"Non","",7,"1712752305160806531"
"L'Endroit","Menton","Restaurant",4.4,393,"Oui","http://lendroit-menton.fr/",8,"2112440265353230243"
"LA MENTOUNASC","Menton","Microbrasserie",5,82,"Oui","https://www.lamentounasc.fr/",8,"7292479447973136808"
"Chez Mimi (Specialités Locales)","Menton","Brasserie",5,1,"Non","",5,"3439236903566507584"
"Bar Brasserie Rino","Menton","Restaurant",4.6,352,"Oui","https://menusa.app/11eeaeff4a766ebdb12b1e1dfb1f9b27",8,"4424138442711016526"
"Le 31","Menton","Restaurant",4.5,718,"Oui","https://bonsrestaurants.fr/restaurants/le-31-menton/",8,"6630348991880797808"
"Les Incompris","Menton","Méditerranéenne",3.9,1,"Oui","http://www.lesincompris.com/",5,"1931179133701846169"
"Les Delicatesses de Grasse","Grasse","Petites portions à partager",4.8,753,"Oui","https://lesdelicatessesdeg.wixsite.com/",8,"16168055175179008778"
"La Fleur de Lys","Grasse","Française",4.7,564,"Non","",7,"3650146133756044705"
"Au Fil du Temps","Grasse","Française",4.8,544,"Oui","https://www.au-fil-du-temps-restaurant-grasse.fr/",8,"16387801666663999749"
"BISTROT LOUGOLIN","Grasse","Restaurant",4.5,1,"Oui","http://lougolin.com/",6,"6957225041481689252"
"Roses et Mets","Grasse","Française",4.8,140,"Oui","http://roses-et-mets.fr/",8,"13167316015977083732"
"Le Paddock","Grasse","Restaurant",4.5,1,"Oui","http://www.lepaddockgrasse.fr/",6,"2593999489842507456"
"Restaurant Le Mas du Calme à Grasse","Grasse","Restaurant",4.6,261,"Oui","https://www.facebook.com/RestaurantLeMasduCalme",8,"17765918169393443965"
"Restaurant Edelweiss","Grasse","Française",5,48,"Non","",6,"6081092770023906645"
"La Bastide Saint-Antoine - Jacques Chibois","Grasse","Restaurant",4.5,773,"Oui","http://jacques-chibois.com/",8,"1110881163631403822"
"TAVERNE DE L’ORATOIRE","Grasse","Restaurant",4.5,351,"Oui","https://taverne-de-l-oratoire.fr/",8,"567400484249335859"
"La Tannerie","Grasse","Restaurant",4.6,242,"Oui","http://latanneriegrasse.site/",8,"16880153501956073797"
"Restaurant Cocotte","Grasse","Restaurant",4.9,481,"Non","",6,"10727537105669488158"
"Bohème","Grasse","Restaurant",4.8,1,"Oui","http://www.boheme-mougins.com/",5,"11893140665691088304"
"La Casa Nostra chez Claudio - Pizza à emporter - Grasse","Grasse","Pizza",4.8,215,"Oui","https://www.pizza-casa-nostra.fr/",8,"10977403964838218475"
"Restaurant Mick'elly Pizzeria","Grasse","Pizza",4.4,1,"Oui","https://www.facebook.com/PizzeriaMickelly",6,"9518900382481090642"
"Pizzeria La Planoise","Grasse","Pizza",4.8,155,"Non","",7,"4784324941393379060"
"Le vieux camion","Grasse","Pizza",4.9,199,"Oui","https://www.pizzerialevieuxcamion.com/",8,"10696077688775252603"
"Pizza Chez Ange","Grasse","Pizza",4.8,132,"Non","",7,"8579850335119200263"
"Bella Napoli","Grasse","Pizza",3.9,823,"Oui","https://www.allo-pizza.info/pizza/pizzeria-bella-napoli-grasse-06130/",7,"9621665244808625958"
"La Station pizza","Grasse","Pizza",4.9,446,"Oui","https://www.facebook.com/stationpizzagrasse/",8,"4194472778416230863"
"L'autentica","Grasse","Pizza",4.8,92,"Oui","https://www.facebook.com/lautentica06/",8,"3755202011188143524"
"Le monde des saveurs","Grasse","Restaurant",4.4,39,"Non","",6,"9090060565830808125"
"SAS PIZZERIA DEL GUSTO ( ex MOZART )","Grasse","Pizza",4.7,76,"Non","",7,"10420137128633589360"
"La Brasserie Des Artistes","Grasse","Restaurant",4.3,743,"Non","",7,"15477195160373041536"
"La Brasserie","Grasse","Brasserie",4,148,"Oui","https://www.la-brasserie-grasse.fr/?utm_medium=referral&utm_source=gmb&utm_campaign=lnk-gmb",8,"3273522056639571285"
"Restaurant brasserie Saint Jacques","Grasse","Restaurant",4.4,171,"Oui","https://www.restaurant-pub-brasserie-le-saint-jacques.fr/",8,"15419127458186184415"
"Brasserie L'Azuréenne","Grasse","Microbrasserie",4.4,13,"Oui","https://brasserie-lazureenne.com/",7,"15152241028034396153"
"Bistrot 34","Grasse","Restaurant",4.6,524,"Oui","https://bistrot34.fr/",8,"4286421965625843603"
"Le Brassi Restaurant","Grasse","Restaurant",4.6,32,"Oui","https://casinograsse.fr/",7,"5078096358669091027"
"L'Imprévu Restaurant Lounge","Grasse","Restaurant",4.5,177,"Oui","https://www.limprevu-06.fr/",8,"8748765976110430102"
"L'Agapè","Cagnes-sur-Mer","Restaurant",4.9,241,"Oui","https://restaurantlagape.fr/",8,"17438581052169380052"
"Fleur de Sel","Cagnes-sur-Mer","Restaurant",4.8,322,"Oui","https://www.restaurant-fleurdesel.com/fr/bienvenue",8,"3314338996154447926"
"Vivo - Restaurant à Cagnes sur Mer","Cagnes-sur-Mer","Restaurant",4.7,599,"Oui","https://www.vivorestaurant.fr/",8,"14731468466431604851"
"Villa Foggia","Cagnes-sur-Mer","Restaurant de poisson",4.5,492,"Oui","http://www.villa-foggia.fr/",8,"1150564581387208790"
"Cararocca","Cagnes-sur-Mer","Méditerranéenne",4.5,1,"Oui","https://cararocca-restaurant-cagnessurmer.eatbu.com/?lang=fr",6,"12147235900145365780"
"Bistrot de la Marine","Cagnes-sur-Mer","Restaurant",4.6,852,"Oui","https://lebistrotdelamarine.fr/",8,"6649191362737716586"
"La Spiaggia plage","Cagnes-sur-Mer","Française",4.4,1,"Oui","http://www.laspiaggiaplage.com/",6,"16457463085271113366"
"La Table de KAMIYA","Cagnes-sur-Mer","Restaurant",4.8,371,"Oui","https://www.la-table-de-kamiya.fr/",8,"2726462562572420841"
"La piccola Sicilia","Cagnes-sur-Mer","Restaurant",5,28,"Non","",6,"7480793528176944214"
"La Marquise Grill Restaurant grillade","Cagnes-sur-Mer","Restaurant",5,18,"Non","",6,"5183246433897965712"
"Restaurant Les Baux Haut de Cagnes","Cagnes-sur-Mer","Française",4.7,393,"Oui","https://bonsrestaurants.fr/restaurants/les-baux-cagnes-sur-mer/",8,"15449719366040887904"
"Bistronomique Beach","Cagnes-sur-Mer","Restaurant",4.1,399,"Oui","https://bistronomiquebeach.com/",8,"7318928890406095009"
"Restaurant Le Pérousin","Cagnes-sur-Mer","Française",4.5,105,"Non","",7,"1336439540582349527"
"LA FABRIK CAGNES SUR MER","Cagnes-sur-Mer","Pizza",4.9,229,"Oui","https://lafabrik-cagnes.com/",8,"15013663327400285233"
"Panetti Pizza Club Cagnes-sur-Mer","Cagnes-sur-Mer","Pizza",5,283,"Non","",7,"6408508496833602507"
"Mamma Pizza Cagnes","Cagnes-sur-Mer","Pizza",4.7,1,"Oui","https://mammapizza-cagnes.fr/",6,"12298383531164075002"
"La Zagara","Cagnes-sur-Mer","Pizzas à emporter",4.7,684,"Oui","http://www.facebook.com/LaZagara06800/",8,"9456444301039120281"
"CASA DI GIU","Cagnes-sur-Mer","Pizza",4.7,50,"Oui","https://customer.owneat.app/launch?table=d4d10a02-9c9e-4c57-ba9c-0abad6c5c983",8,"1963327033998380601"
"Le III Farine","Cagnes-sur-Mer","Pizza",4.8,208,"Oui","https://amalfipizza06.wixsite.com/le-tre-farine",8,"6219834205575763707"
"Pizzeria Forno Di Napoli","Cagnes-sur-Mer","Pizza",4.2,979,"Oui","https://fornodinapoli-cagnes.com/",8,"7621532112002039186"
"Pépère et Ronnie","Cagnes-sur-Mer","Pizza",4.9,459,"Oui","https://m.facebook.com/profile.php?id=362832357770614&ref=content_filter",8,"577740582297995007"
"Le Saint Pierre","Cagnes-sur-Mer","Pizza",3.4,667,"Oui","https://instagram.com/le.saint.pierre?igshid=YmMyMTA2M2Y=",7,"14608949028831485329"
"Forno di Napoli - Trattoria - Restaurante Italiano","Cagnes-sur-Mer","Italienne",4.3,38,"Non","",6,"11522999447885695238"
"Brasserie du cours","Cagnes-sur-Mer","Brasserie",4.2,458,"Oui","http://www.brasserieducours.com/",8,"17404312234307125191"
"Brasserie Julien Shopping Promenade Riviera","Cagnes-sur-Mer","Brasserie",4.4,1,"Oui","http://www.brasserie-julien.com/",6,"6282336986142285539"
"Brasserie du Printemps","Cagnes-sur-Mer","Brasserie",4.6,171,"Non","",7,"1927052193100323061"
"Brasserie Des Halles","Cagnes-sur-Mer","Brasserie",4.1,135,"Oui","https://www.facebook.com/pages/Brasserie-des-Halles/636940033031365",8,"5269847824053165789"
"La Brigade - Shopping Promenade Riviera - Restaurant Cagnes-sur-Mer","Cagnes-sur-Mer","Brasserie",4.9,1,"Oui","https://www.la-brigade.fr/",6,"6687766607113642711"
"La Fabrique Noémie","Cagnes-sur-Mer","Restaurant",4.9,61,"Non","",7,"10506391749697749705"
"La Concorde","Cagnes-sur-Mer","Brasserie",4.2,675,"Non","",7,"13404598857207744763"
"Restaurant L'Azur","Cagnes-sur-Mer","Brasserie",3.6,770,"Oui","https://brasserielazur.com/",7,"1899327938791814611"
"La Part Des Anges - Brasserie Bistronomique Saint-Tropez","Saint-Tropez","Française",4.6,890,"Oui","https://www.lapartdesanges-sainttropez.fr/",8,"18078024488100968938"
"Pearl Beach Saint-Tropez","Saint-Tropez","Restaurant",4.5,1,"Oui","http://www.thepearlbeach.com/",5,"15111913280768676402"
"Alegría Saint-Tropez","Saint-Tropez","Bar à tapas",4.8,91,"Oui","http://www.alegriasainttropez.com/",8,"16383722948494762030"
"La Bouillabaisse","Saint-Tropez","Restaurant",4.2,1,"Oui","https://www.labouillabaisse-plage.com/",6,"17004185099909594837"
"Jardin Tropezina","Saint-Tropez","Méditerranéenne",4.3,778,"Oui","https://jardin-tropezina.fr/?utm_source=google&utm_medium=yext",7,"304856014826975708"
"Les Viviers du Pilon","Saint-Tropez","Restaurant",4.5,547,"Oui","https://www.viviers-dupilon-restaurant.com/",8,"16430065335891939830"
"ZAYNA Saint-Tropez","Saint-Tropez","Restaurant",4.9,42,"Oui","https://www.zayna.club/",7,"8025593156643814311"
"Gourd'I Saint-Tropez","Saint-Tropez","Italienne",4.9,320,"Oui","https://instagram.com/gourdisttropez?igshid=NmZiMzY2Mjc=",8,"14599162787307796365"
"Restaurant Colette by Sezz St. Tropez","Saint-Tropez","Gastronomie française",4.5,80,"Oui","http://www.colettesainttropez.com/",8,"15980212878351620598"
"AREV SAINT TROPEZ","Saint-Tropez","Méditerranéenne",4.7,33,"Oui","https://www.arevcollection.com/dine-sip/the-strand/?utm_source=google&utm_medium=organic&utm_campaign=google_local_restaurant_the_strand",7,"4778728167645414495"
"La Grange des Agapes - Restaurant gastronomique Cogolin","Saint-Tropez","Cuisine gastronomique",4.7,243,"Oui","http://www.grangeagapes.com/",7,"17985330777121880313"
"Restaurant Gastronomique Grimaud - Les Santons","Saint-Tropez","Gastronomie française",4.6,212,"Oui","http://www.restaurant-les-santons.fr/",7,"17099557151985848142"
"Hôtel La Ponche · Saint Tropez","Saint-Tropez","Restaurant",4.4,968,"Oui","https://www.laponche.com/",8,"290799161658159527"
"Le Relais des Moines","Saint-Tropez","Cuisine gastronomique",4.7,1,"Oui","https://www.lerelaisdesmoines.com/",5,"2967904891610231282"
"Restaurant Le Patio Saint-Tropez","Saint-Tropez","Restaurant",3.7,43,"Oui","https://www.hotel-le-yaca.fr/fr/restaurant-et-bar.html",6,"3302400578493340787"
"Pizz'arte","Saint-Tropez","Pizza",4.8,440,"Oui","http://pizzarte.fr/",8,"3141518104600874313"
"L'Aroma - Pizza Contemporaine au Feu de Bois à Saint-Tropez","Saint-Tropez","Italienne",4.4,578,"Oui","https://sites.google.com/view/laromasttropez/accueil?authuser=1",8,"7705880282151231103"
"Allo Pizza St-Tropez","Saint-Tropez","Pizza",4.8,461,"Oui","http://www.allopizza-st-tropez.fr/",8,"17534161633615358884"
"Pizza Tropézienne","Saint-Tropez","Italienne",3.6,645,"Oui","https://www.pizzatropezienne.fr/",7,"14020027726612431587"
"Un Jour à Peyrassol","Saint-Tropez","Italienne",4.5,373,"Oui","https://www.unjourapeyrassol-sainttropez.fr/",8,"4831599569275327612"
"Marcellino","Saint-Tropez","Italienne",4.1,874,"Non","",7,"6228190121872351376"
"Porto Vecchio - Pizzeria","Saint-Tropez","Italienne",2.8,628,"Non","",6,"1444452179383024545"
"Le sporting","Saint-Tropez","Pizza",3.8,969,"Oui","https://le-sporting.com/",7,"3891524968941847155"
"Pizza Lila","Saint-Tropez","Pizza",4.3,6,"Non","",5,"5231912125627072916"
"Café de Paris Saint-Tropez - Brasserie Française","Saint-Tropez","Française",3.8,1,"Oui","http://www.cafedeparis.fr/",5,"9720657049118506486"
"SÉNÉQUIER","Saint-Tropez","Restaurant",3.7,2,"Oui","http://www.senequier.com/",5,"13426928463873948571"
"bistrot du port","Saint-Tropez","Bar",3,390,"Non","",6,"4800881078162947603"
"Le Bistro des Lices","Saint-Tropez","Bistro",3.5,59,"Non","",6,"60754889009732232"
"Brasserie Tropézienne","Saint-Tropez","Restaurant",4.1,171,"Oui","https://menu.eazee-link.com/menu?o=q&id=VIR-N6TO97",8,"14438291022767384308"
"tsar","Saint-Tropez","Bar",4.5,534,"Oui","https://fr-fr.facebook.com/tsar.sttropez",8,"17149879119518991577"
"Bar Le Gorille","Saint-Tropez","Brasserie",3.3,454,"Non","",6,"18249740615760330360"
"La Bohème","Fréjus","Restaurant",4.8,182,"Oui","https://www.facebook.com/share/1GTKh722KZ/",8,"10770436080803857766"
"Restaurant Le 43","Fréjus","Restaurant",4.8,974,"Oui","http://www.le43frejus.fr/",8,"2094160767073754461"
"Le P'tit Resto","Fréjus","Plats familiaux",4.8,765,"Non","",7,"13408840944222879084"
"LES COPAINS D'ABORD","Fréjus","Restaurant",4.8,191,"Non","",7,"13121885633508776345"
"Les Sablettes","Fréjus","Française",4.2,7,"Non","",4,"17310308602893675751"
"Accènto","Fréjus","Italienne",4.8,1,"Oui","https://accentorestaurant.fr/",6,"7889496070802839439"
"L'Entrée des Artistes","Fréjus","Restaurant",4.8,394,"Oui","http://lentreedesartistes-restaurant.eatbu.com/",8,"11714635717105147210"
"La table de Guillôme à l’hôtel l’Arena","Fréjus","Restaurant",4.6,233,"Oui","https://hotel-frejus-arena.com/fr/",8,"4075721276570803001"
"Autres Ray'Son","Fréjus","Française",4.6,845,"Oui","https://www.tables-auberges.com/hotels-restaurants/83-var/frejus/27-restaurant-autres-rayson",8,"15966615497101780029"
"DiP restaurant","Fréjus","Plats familiaux",4.6,1,"Oui","http://www.diprestaurant.fr/",6,"6264890883768688089"
"L'Amandier","Fréjus","Restaurant",4.5,260,"Oui","http://www.restaurant-lamandier-frejus.com/?utm_source=gmb",8,"15186863440969126999"
"Le Caractère","Fréjus","Restaurant",4.8,325,"Oui","https://www.lecaractere.fr/",8,"13798116003852406815"
"La Bastide du Clos des Roses","Fréjus","Restaurant",4.6,632,"Oui","http://www.closdesroses.com/",8,"1618833544203079174"
"Casa gusto","Fréjus","Pizza",4.9,61,"Non","",7,"11136004637683222498"
"DA GENNARO","Fréjus","Pizzas à emporter",5,358,"Non","",7,"3773127272384724208"
"Pizza N'Cơ","Fréjus","Pizza",4.8,717,"Oui","https://www.pizzanco.net/",8,"7523575426509226690"
"Pizzeria Galdo","Fréjus","Pizza",4.8,181,"Oui","https://www.instagram.com/galdo_vincenzo?igsh=MXFpN2ZjeTZoZ2dpbw==",8,"14827794939124539688"
"Don Pizza Chez Ferrara","Fréjus","Pizza",4.7,453,"Non","",7,"2995077878688523840"
"Le comptoir D'adriano Fréjus","Fréjus","Pizza",4.7,939,"Non","",7,"4043862780909491413"
"La Fontanina","Fréjus","Pizzas à emporter",4.8,412,"Oui","http://www.lafontanina.fr/",8,"14429497680304858145"
"La Bocca","Fréjus","Pizza",4.1,2,"Non","",5,"9815435600436843150"
"Ma Pizz'","Fréjus","Pizza",4.7,423,"Non","",7,"7148549547770406943"
"Madre mia pizzeria","Fréjus","Restaurant",4.6,540,"Oui","https://madre-mia.fr/",8,"12277626630414499934"
"Brasserie le Palais","Fréjus","Brasserie",4.1,454,"Oui","https://www.brasserie-le-palais-restaurant-frejus.fr/",8,"18417842081620253750"
"La Terrasse port Fréjus","Fréjus","Brasserie",4.2,173,"Non","",7,"1807127122845825183"
"Évasion: Restaurant - Brasserie - Port Fréjus","Fréjus","Restaurant",3.9,2,"Oui","http://www.levasion.net/",4,"3486660587173505641"
"Le Mahana","Fréjus","Brasserie",4.9,137,"Non","",7,"13414380965151418014"
"CALM Restaurant • Bar à huîtres Port Fréjus","Fréjus","Fruits de mer",4.9,152,"Oui","https://www.calm-restaurant-frejus.fr/",7,"5859073446314273055"
"La Palméa","Mandelieu-la-Napoule","Restaurant",4.6,480,"Oui","https://www.la-palmea-restaurant-mandelieu-la-napoule.fr/",8,"4833095049280057791"
"Restaurant Le Boucanier","Mandelieu-la-Napoule","Restaurant",4.4,1,"Oui","https://boucanier.fr/en/the-restaurant/",6,"14979024755751629103"
"Restaurant La Rotonde","Mandelieu-la-Napoule","Restaurant",4.5,557,"Oui","http://www.larotondemandelieu.fr/",8,"15610977926465092586"
"Pépite","Mandelieu-la-Napoule","Française",4.3,2,"Oui","https://www.pepite-restaurant.com/",5,"1018940726526196010"
"La Brocherie Mandelieu","Mandelieu-la-Napoule","Fruits de mer",4.2,1,"Oui","http://la-brocherie.fr/",6,"11533070488934136214"
"Brasserie L'évidence","Mandelieu-la-Napoule","Brasserie",4.8,222,"Non","",6,"17523514419374185425"
"Bessem Restaurant","Mandelieu-la-Napoule","Cuisine gastronomique",4.9,472,"Oui","https://www.bessem-restaurant.com/",8,"9216526368703209475"
"Le Bellini","Mandelieu-la-Napoule","Cuisine française moderne",4.6,577,"Oui","https://le-bellini.eatbu.com/?lang=fr",8,"13093695099291052288"
"La Cigogne","Mandelieu-la-Napoule","Restaurant",4.8,282,"Non","",7,"10760738814820610730"
"Restaurant Les Bartavelles - Mandelieu-la-Napoule","Mandelieu-la-Napoule","Française",4.4,362,"Oui","http://www.restaurantlesbartavelles.com/",8,"9552670042287474855"
"L'Or Bleu","Mandelieu-la-Napoule","Restaurant",4.8,261,"Oui","https://yaktsa.tiara-hotels.com/fr/page/restaurant-l-or-bleu.11?utm_medium=ref&utm_source=google",7,"6505968144575409861"
"Restaurant le K","Mandelieu-la-Napoule","Restaurant",4.4,201,"Oui","https://www.restaurant-le-k-mandelieu.fr/",8,"3889924202534296850"
"L'Atelier Cojàne","Mandelieu-la-Napoule","Brunch",4.7,214,"Oui","http://www.lateliercojane.com/",8,"18188696900534879843"
"Lombardi's Pizza Mandelieu","Mandelieu-la-Napoule","Pizza",4.5,558,"Oui","http://www.lombardis-pizza.fr/",8,"3693000805519518534"
"L' aparté pizzeria","Mandelieu-la-Napoule","Pizza",4.9,310,"Non","",7,"13620185172221816958"
"Aspizza","Mandelieu-la-Napoule","Pizza",4.5,206,"Non","",7,"1262050358151136435"
"Cap pizza","Mandelieu-la-Napoule","Pizza",4.9,154,"Oui","http://linktr.ee/cap_pizza",8,"12236910860963681318"
"Pizza Popi","Mandelieu-la-Napoule","Pizza",4.4,170,"Oui","http://www.pizzapopi.com/",8,"12768954716213226022"
"L'Umbria","Mandelieu-la-Napoule","Pizza",4.6,86,"Oui","https://www.facebook.com/LUmbria-Pizzeria-1556770734639572",8,"10244007562363911645"
"La part a pizza","Mandelieu-la-Napoule","Pizza",4.6,142,"Oui","http://www.lapartapizza.fr/",8,"11961394915071372917"
"SANTINO'S - Food & Mood","Mandelieu-la-Napoule","Bar à tapas",4.3,96,"Oui","https://www.santinos.fr/",7,"17765007705065025296"
"Maxi Pizza Mandelieu","Mandelieu-la-Napoule","Pizzas à emporter",4.6,40,"Non","",6,"7103806971947190903"
"Regina Di Napoli Champion de France de Pizza","Mandelieu-la-Napoule","Pizzas à emporter",4.6,366,"Oui","https://reginadinapoli.com/cannes/",7,"6546822045225645351"
"La Corderie","Mandelieu-la-Napoule","Brasserie",4.2,1,"Oui","https://brasserielacorderie.fr/",5,"4180773647372891365"
"Le Saint Charles","Mandelieu-la-Napoule","Restaurant",4,987,"Oui","https://www.facebook.com/brasserielesaintcharles06/timeline",8,"17812434466729244834"
"Brasserie du Soleil","Mandelieu-la-Napoule","Bar",4.3,78,"Non","",7,"11621020654282948612"
"Chez Le Brasseur Cannes","Mandelieu-la-Napoule","Restaurant",4.2,1,"Oui","https://www.chezlebrasseur.com/chez-le-brasseur-cannes/",5,"712144188620166703"
"Le Sulky","Mandelieu-la-Napoule","Brasserie",4.6,237,"Non","",7,"2078900332622791774"
"la ch'ti alsace","Mandelieu-la-Napoule","Restaurant",4.7,207,"Oui","https://restaurantlachtialsace.eatbu.com/",8,"18134668065045615988"
"Le Lapsuce Mandelieu","Mandelieu-la-Napoule","Bar à bières",4.6,391,"Oui","https://www.facebook.com/lelapsucemandelieu",7,"4361934226038326006"